equipmentid,make,model,serial_num,license_num,operator,vendorid_id
70,Toyota,Land Cruiser,1N6AA0CJ9EN899910,28,Spencer Folland,27
65,Ford,E-350 Super Duty,1G6DV57V480022308,6,Fidel Gillford,6
54,Lincoln,MKX,WBANV93538C730561,9,Asia Biford,91
100,Toyota,Land Cruiser,1G6DC1E39C0326940,71,Nicol Dugall,88
75,Ford,F-Series,19XFB2F51DE269852,25,Emmett MacAllaster,9
68,Dodge,Ram Van 3500,WA1MKAFP4AA086702,21,Mozes Coursor,84
73,Mercury,Monterey,KMHFC4DF0AA766096,34,Godwin Laffranconi,25
55,Suzuki,Aerio,3C6JD7DP1CG014019,79,Seka Job,99
15,Mitsubishi,Raider,1FTEW1CW5AK270564,11,Nat Kick,81
67,Oldsmobile,Cutlass Cruiser,1G4GD5EG2AF253899,31,Robb Tyrwhitt,96
12,Mazda,Mazda6,1C3CDFBB7ED638219,73,Verile Vannah,68
25,Mazda,B-Series Plus,WBA3T3C58EP726083,99,Dinny Grimbleby,17
2,Mazda,MX-5,2T1BU4EE0CC828424,58,Sybille Sothern,62
36,Subaru,Alcyone SVX,JH4KB2F64CC371898,45,Saree MacCostigan,27
29,Chevrolet,Silverado 3500,1C4AJWAG3DL373683,13,Guinna Enrico,66
64,Toyota,Matrix,KMHCT4AE0DU856446,69,Rolph McVitie,93
27,Volkswagen,Eos,1FAHP2D8XDG522762,77,Chloette Duffin,51
83,Toyota,Camry,3C63DRML9CG850677,46,Early Rennox,69
32,Ford,Five Hundred,3GYFNCEY3BS612100,94,Griffy O' Mullane,59
15,Geo,Tracker,1G6AD5S37D0721342,42,Christabella McRinn,17
74,Ford,E350,1G6DC1E31E0756836,11,Harald Weare,6
33,GMC,1500 Club Coupe,WBAYE4C54ED498218,64,Myca Ayshford,62
66,Chrysler,300,1FTEX1C80AK514894,79,Adlai Cowdroy,71
10,Mazda,RX-8,YV4902DZ7B2873292,36,Golda McPherson,76
51,Mercedes-Benz,W123,WVGEG9BP0DD997298,33,Boony Joscelin,93
45,Lincoln,MKZ,SCBLF44J78C053247,33,Jeramey Mellsop,61
93,Chrysler,Town & Country,2C3CDXCT3CH474982,71,Norry Wheatland,9
98,Volkswagen,Eurovan,WDCGG5GB8AF812797,49,Adella Lounds,58
42,Mazda,RX-8,JH4CW2H63CC473909,68,Grange Goaks,16
50,Chevrolet,Malibu,5GADX33L05D471846,43,Matthus Dalgardno,15
32,Mazda,MX-6,NM0KS9AN0AT904929,5,Nikolas Whitta,87
69,Chevrolet,Equinox,1G6DA1E32D0614399,47,Margette Butler-Bowdon,73
74,Volkswagen,Eurovan,2C4RDGEG0CR909179,60,Karlis Friman,40
13,Oldsmobile,Bravada,5GAKRAKD0FJ790523,25,Biddy Ternault,33
14,Pontiac,Bonneville,1C4RDJDG6DC681567,24,Tootsie Pedracci,36
17,Jeep,Wrangler,3VW4S7AT2EM434595,57,Kelci Ludlow,63
24,Kia,Amanti,4A4AP3AU8EE033088,5,Doloritas Humby,7
46,Chevrolet,Corvette,1FTNF2A51AE312338,17,Constantin Palphramand,22
54,Toyota,Tundra,5TDBK3EH9CS789446,22,Sabrina Renshaw,74
62,Suzuki,Vitara,WAUBNBFB8AN356163,17,Joelle Robun,84
83,Volvo,XC70,WAUPL68E05A112711,43,Shandy Gary,11
81,Volkswagen,Phaeton,4T1BF1FK9EU404657,89,Zarla Codman,26
14,Toyota,Tercel,4T1BK1EB9FU591476,87,Eartha Bright,57
81,Acura,MDX,TRUVD38J691498520,1,Wilone Campkin,19
10,Jeep,Liberty,3C4PDCDG7ET862976,22,Ceil Kelsall,93
7,Chevrolet,Silverado 2500,WDDHF7GB8EB230906,29,Turner Flippini,79
8,Mercedes-Benz,500SL,JM3KE2BEXD0781556,57,Shirline Hedling,76
71,Mitsubishi,Eclipse,2T1BURHE8FC202763,10,Harmon Mitskevich,59
93,Volkswagen,Corrado,1GKS1HE02BR544385,43,Kimberlee Rattray,69
16,Audi,Allroad,1G6DK5EV8A0570653,80,Garreth Brumen,75
74,Pontiac,Grand Prix,WP0CA2A88FK683704,38,Duke Viney,7
85,Buick,Terraza,3C3CFFAR7CT738613,15,Fletch Hoggan,22
77,Lamborghini,Aventador,WBANE73556B629738,42,Kimberly Thornhill,50
1,Acura,NSX,2G4GS5GX9F9768014,65,Adams Woltman,78
95,Alfa Romeo,164,5UMDU93407L216167,31,Burl Le Port,7
13,Jaguar,XJ,1C4RDHEG9EC314817,46,Jacki Mowling,89
14,Chevrolet,Camaro,JN1CV6EK5EM553905,70,Ernestus Bartolini,68
87,Lincoln,Continental,WAUJC68E02A342637,50,Izzy Ollie,3
20,Ferrari,612 Scaglietti,KNAFX5A85F5827654,29,Olivette Reaveley,92
85,Jensen,Interceptor,WAUBF48H48K736008,37,Walker Padberry,29
68,Ford,F250,WBSBR93443P581931,72,Krissy Riediger,84
94,Chevrolet,Tahoe,WBA3R5C51EK058473,75,Ambros Ginsie,97
84,Kia,Optima,5N1AA0ND4FN959308,51,Meryl Petrina,56
43,Volkswagen,Golf,3C3CFFDRXFT249476,37,Will Lusher,36
75,Land Rover,LR4,TRUTC28NX21455635,74,Ebony Hoyland,94
26,Mercedes-Benz,M-Class,WAULC68E55A650920,17,Boyd Elnough,2
91,BMW,5 Series,KM8JT3AB4BU523770,28,Esme Speers,46
100,Mercury,Capri,WAULT54BX3N376805,66,Roselin Lugard,20
54,Ferrari,458 Italia,1FADP5AU2EL700156,56,Allistir Jandak,66
66,Mitsubishi,Mighty Max,1GYS4JEF0ER144094,48,Bertram Stritton,13
36,BMW,X6 M,WAULD54B32N020661,36,Christy Tadman,26
79,Ford,Fusion,1G6DH1E33E0113065,94,Giacomo Pooley,1
11,Toyota,Sienna,WAUAH74F66N326575,30,Othilia Guyers,22
87,Toyota,Tercel,WBAPL5C5XBA365046,86,Anestassia Stoffels,94
19,Chevrolet,S10,WA1LKAFP4AA323376,20,Erik Yacobsohn,46
48,Dodge,Ram 2500,KNDPB3A27B7719475,28,Philippe Landman,19
48,Mercedes-Benz,GL-Class,1G6YV36A765599578,6,Jervis Trathen,67
69,Geo,Metro,WBAVB73528F666895,14,Gerhardt Draye,23
8,GMC,Savana 2500,JTHBW1GG0F2300195,79,Forster Resdale,49
29,Ford,Econoline E150,1FTSW2A53AE138520,15,Karen Cowl,11
89,Volkswagen,Jetta,WBAYE4C50DD882124,78,Catharina Sculley,25
96,Maybach,62,1FTSW3A56AE462695,28,Archy Trewhela,79
87,Mazda,Mazda6,1FTSW3B53AE783558,100,Laurella Hucquart,51
87,Oldsmobile,Ciera,1N6AD0CU5AC348879,47,Evvy Totton,12
47,Acura,RSX,1GYEE637790496408,52,Tynan Ronaghan,37
3,Audi,5000CS Quattro,WBA3R5C50FK832536,57,Margit Grahame,67
91,Ford,Thunderbird,WAUDF48H27K425149,47,Ania Twitching,38
53,Mercury,Montego,1GYS3AKJ0FR246671,7,Heddie Crittal,2
38,Acura,Vigor,3C4PDCGB2FT209442,14,Alvie Luparto,82
33,GMC,Sierra 3500,JTHFE2C27D2958646,8,Helyn O' Scallan,29
64,Toyota,4Runner,1N6AF0LXXEN979013,77,Giselle Reddoch,22
87,Audi,200,1B3CB5HAXAD536161,63,Glen Fomichkin,56
9,Hyundai,Santa Fe,WAUWFAFH6AN088257,9,Hodge Cadge,33
56,Chevrolet,Silverado,5YMGY0C57AL289108,34,Salvador Pioli,41
20,Audi,5000CS,2C4RDGEG6DR004284,11,Jerrilyn Roderham,92
32,Land Rover,Discovery,1FTEW1C80AF015833,28,Brent Schiementz,63
59,Saab,3-Sep,WAULV94E59N599757,66,Helene Crease,54
81,Nissan,Altima,3GYFNFEY3BS474611,3,Walther Janaszewski,48
21,Volvo,C70,JN8AE2KP4B9019374,26,Mandi Creasey,36
42,Mitsubishi,Eclipse,JHMZF1C63CS455718,91,Guillemette Robbeke,76
9,Maserati,Quattroporte,JN1AZ4EHXEM100044,51,Kingsly Cassedy,14
29,Toyota,Yaris,1N6AA0ED0FN596510,74,Peg Elvish,48
23,Plymouth,Voyager,WA1WKAFP5AA915527,4,Sanson Northing,2
6,Lincoln,Town Car,3GYFK66N34G831367,9,Anatole Sallter,75
29,Subaru,Legacy,WAUZL54B61N470901,27,Jonis Entreis,85
33,BMW,3 Series,5FPYK1F21DB506589,38,Cassi Carnell,61
89,Chevrolet,Tahoe,1G6AZ5SX7E0593674,70,Carri Bunnell,1
61,Chevrolet,Suburban 1500,WDDEJ8GBXAA225200,82,Aleda Gathwaite,81
88,Toyota,Sequoia,WAUKFAFL8EA521366,1,Ash Yosselevitch,57
42,Suzuki,Kizashi,2G61R5S36F9161985,29,Dieter Botterman,22
13,Dodge,Colt,1G6DU57V290735681,45,Katlin Mantrup,39
95,Acura,RDX,YV4852CZ0A1393937,65,Enrika O' Donohue,73
8,Honda,Pilot,5UXWX9C5XE0964712,15,Corly Rowden,70
99,Mitsubishi,Diamante,WBAXH5C54CC447622,100,Dugald Summerson,18
37,BMW,3 Series,5N1AA0ND7FN258665,53,Cherise Roddick,8
54,Honda,Accord,5GAKRCKD3DJ907469,3,Taber Cargo,76
85,Chevrolet,Uplander,WA1WKBFP4BA751341,78,Nils Raddon,37
58,Dodge,Durango,3D7JB1EP3AG718090,13,Kenna Burtenshaw,57
92,BMW,3 Series,JH4KB16638C469225,53,Rosalyn Hutchings,14
6,Buick,Special,2G4GK5EX0F9663283,43,Lenna Brisset,36
76,BMW,3 Series,WAUEFAFL2BN566160,44,Codi Crichmere,90
97,Honda,Accord Crosstour,5TDDCRFH8FS404891,14,Jasmine Jamieson,10
72,Bentley,Continental GT,JH4CU2F85DC822581,37,Rickie Aucutt,39
24,Pontiac,Trans Sport,3D73Y4CL6BG129772,97,Raff McWhinnie,68
14,Acura,TL,5BZBF0AAXFN310232,33,Archer Rennles,43
55,Ford,E250,WBA3R5C52FF085904,74,Natka Simonato,13
68,Chevrolet,Venture,5TDBK3EH8DS345332,86,Evelyn Cheake,99
84,Lincoln,Mark VIII,1FTKR1AD2BP926137,28,Cathlene Lakeman,77
12,Toyota,Prius,5N1AL0MMXEC996417,1,Mara O'Duane,56
80,Mazda,Protege,JM1NC2PF9E0721931,75,Ermentrude Cramp,98
24,Nissan,Altima,WBA6B4C5XFD733027,65,Whittaker Snelle,88
8,Mercedes-Benz,S-Class,WAUJC58E75A178768,18,Milissent Hebburn,13
69,Chevrolet,Express 2500,1G6DV1EP5B0825617,13,Gordon Macias,2
97,Mazda,Protege,1G4GE5E38CF060296,34,Erinna Barroux,82
6,Dodge,Dakota,JN8AE2KP4D9669647,96,Leo Brimmicombe,94
39,Saturn,VUE,2FMDK3GC3BB739662,19,Amalie Kleinstern,19
15,Buick,Regal,WAUEH78E66A796096,50,Morey Brach,26
23,Ford,Club Wagon,3C6JD7AP8CG534545,33,Kinsley Gedney,5
37,BMW,5 Series,2C3CDXEJ9EH786366,19,Dore Bingall,17
64,Buick,Park Avenue,3C3CFFER0FT910141,49,Emelen Copes,78
63,Plymouth,Neon,1VWAP7A3XEC446886,60,Ardath Henniger,75
6,Pontiac,Grand Prix,JTJBARBZXF2971815,32,Duff Vasnetsov,1
59,BMW,M6,1VWAH7A3XCC217974,46,Ennis McCorkell,28
12,Mitsubishi,Tredia,JH4CL96997C666182,84,Paulie Rickardes,79
55,Volvo,850,1G6AG5RX6D0620843,17,Lillis Renzini,37
45,GMC,Savana 2500,1G4CW54K144795428,98,Cass Colleymore,87
46,Porsche,944,2C3CDYCJ9EH936534,8,Fabiano Leile,65
28,Chevrolet,Monza,4T1BF3EKXBU277331,65,Sharity Allgood,56
3,GMC,Yukon,3N6CM0KN5DK328956,26,Kev Drysdale,49
8,Nissan,Quest,2C3CCAEG3EH265924,60,Kora Skelton,59
68,Chevrolet,Suburban 1500,JH4CU2E89CC390285,45,Baxie Lobb,39
75,Nissan,Altima,2G4GT5GK0C9863784,67,Katy Pocock,71
41,Honda,Odyssey,1G6AA5RX4F0539246,26,Auroora Gariff,1
70,Porsche,Carrera GT,WAUJC68E22A211886,62,Ximenez Pickles,67
90,Pontiac,G6,WAUBVBFB8BN981289,53,Lizzie Tewnion,10
11,Cadillac,Eldorado,5J6TF2H54FL589465,93,Eveleen Wedderburn,64
80,Subaru,Legacy,1C3CCBBB4DN489708,91,Jens Laetham,67
18,Pontiac,Solstice,WAUEFAFL0DN888301,4,Ebenezer Corrison,16
46,Toyota,Sienna,WAUKGAFB5AN324324,24,Margalo Oakly,35
91,Buick,LeSabre,1G4GD5ED3BF209420,96,Michal Mackerel,9
61,Chevrolet,Cavalier,SCBLC37F13C625061,81,Christa Windous,30
21,Mercedes-Benz,S-Class,WAUZL54B41N719342,47,Hynda Pochon,64
68,Ford,F-Series,1FTSW2A50AE590845,91,Rozella Tight,3
93,Maybach,62,JM1NC2MF2E0469301,67,Tallou Darell,72
14,Pontiac,Parisienne,1G4GD5GD6BF474927,24,Tierney Kaysor,96
22,Pontiac,Grand Prix,1G4GL5E35DF431504,1,Raphael Rochell,84
60,Dodge,Dakota,4T1BF3EK5BU481020,9,Lenna Tidridge,63
79,Mercury,Sable,WAUFEAFM0DA578902,93,Kerr Alty,50
52,Suzuki,Esteem,WDDGF4HBXDR092381,23,Der Niche,88
22,Chrysler,Cirrus,2D4RN3DG5BR448702,29,Maxie Corwin,40
35,Chevrolet,S10,1G6AH5S35F0326096,17,Martha Leckenby,2
14,Mercury,Villager,2C3CDXFGXEH238461,7,Huntlee Livesey,46
82,Lincoln,Town Car,1C3CDFBB8FD296037,25,Karissa Fulham,62
100,Chevrolet,Monte Carlo,3C6JD7CT8CG990491,34,Trish Hearson,56
31,Pontiac,Vibe,WDDHF5KB8EA012014,47,Antone Heisler,22
38,Acura,TL,3C6TD5FT6CG146698,71,Erda Deaton,96
98,Subaru,Leone,5TFCW5F19BX340489,61,Kalvin Antonignetti,33
31,Chevrolet,Monte Carlo,WBAGL83505D978085,42,Elfrieda Shurman,9
93,Maserati,GranSport,WAUET48H05K995953,93,Amandy Blampey,52
66,Volvo,S60,5TDBW5G1XBS965418,96,Inna Gunning,52
58,Chevrolet,Silverado 2500,1NXBU4EE7AZ344987,70,Jere Bool,2
21,Mercury,Monterey,1VWAP7A34EC371330,35,Kliment Mearing,92
10,GMC,Yukon,1N6AF0KX4FN438865,54,Pepita Van Leeuwen,86
41,Subaru,Impreza,WBAFU7C55DD239439,72,Johnathan Tupp,72
97,Mazda,MPV,WA1YD54B54N379936,98,Redd Clarke,32
66,Jeep,Wrangler,1G6AZ5SX5E0970907,91,Adan Mesant,6
93,Nissan,Maxima,3C3CFFJH1FT267697,95,Kerri Scannell,35
45,Toyota,4Runner,2B3CA2CV9AH835123,28,Ricoriki O'Driscole,75
12,BMW,5 Series,SCBDC47L78C713314,69,Ryon Dumsday,86
47,Land Rover,LR3,WBAGL63454D877988,64,Sherwynd Altimas,53
62,Hyundai,Elantra,JN8AF5MR3DT070996,2,Clarine Minnette,71
52,Buick,Park Avenue,WP1AA2A22EL383311,44,Gino Crepin,18
83,Ford,Edge,1FTEX1C85AF454460,76,Arthur Bernardino,48
75,Isuzu,Rodeo,19UUA75547A749112,15,Marleen McCrory,93
64,Buick,Regal,SCBGU3ZA7EC647651,62,Even Burker,28
29,Mazda,MX-6,5N1AN0NW7EN587578,62,Cooper Mazzei,8
84,Ford,Festiva,KL4CJFSB0EB192456,45,Davey Boscher,9
10,Acura,RL,WAU32AFD3FN144061,99,Marcelline Girton,11
94,Jaguar,XJ Series,TRUSX28NX11408118,80,Darren Klosges,7
25,Mercury,Topaz,SAJWA6BU7F8034054,37,Harriett Gosnell,95
31,GMC,3500 Club Coupe,2G61T5S30E9035024,7,Mella Ughini,56
33,Cadillac,CTS-V,JM3TB2BA2E0158797,78,Moishe Laven,19
50,Mercedes-Benz,SLK-Class,WBAEV53442K266631,85,Ranee Merricks,42
2,Nissan,Maxima,2G4WS55J351046710,40,Nicole Kirwin,50
48,Dodge,Neon,1FTEW1C8XAK065274,80,Dina Touzey,85
43,Ford,Expedition,JTDKTUD32DD638177,15,Jacinta O'Coskerry,48
54,Chrysler,Town & Country,WBANW1C5XAC731159,17,Staffard Norwich,38
2,Austin,Mini Cooper S,KMHFH4JG1FA508109,89,Jehanna Riggulsford,51
26,Toyota,Celica,WDCGG0EB6DG080870,43,Jimmy Virgo,20
27,Acura,ZDX,1G4GL5G35DF507946,20,Aleece Youhill,18
64,Chrysler,Pacifica,1FTWW3B58AE382959,3,Jodee Gillebert,21
91,Jaguar,XJ Series,JHMZF1C66FS422619,5,Nicol MacCrackan,32
39,Dodge,Ram Wagon B150,JN8AF5MV9FT451039,61,Shellysheldon Westby,80
51,Plymouth,Grand Voyager,WA1CV74L47D445379,1,Sara-ann Sutterfield,58
19,Hyundai,Accent,1G4GE5GV2AF220992,67,Bill Wines,78
50,Chevrolet,Silverado 1500,JH4KC1F95EC732043,12,Roberto Bartelot,38
58,Mercedes-Benz,CLS-Class,2C3CCAGG6EH263999,76,Keslie Bagguley,82
28,Suzuki,SX4,SCBCU7ZA0BC260554,65,Cathi Bollam,28
60,Daewoo,Leganza,3N1AB7AP8FY382198,78,Cathi Kerrigan,88
32,BMW,5 Series,WA1VMBFE9DD796054,6,Margalo Waldocke,36
21,Chevrolet,Camaro,3C63DPBL5CG587918,79,Dusty Hincks,97
2,Audi,A7,3VW8S7AT6FM217781,64,Robinet Dugdale,93
98,Dodge,Nitro,SAJWJ0FF8F8094028,79,Janenna Peckham,40
61,Maserati,Coupe,SCBBR93WX8C327389,90,Mavra Carlucci,27
19,Nissan,Pathfinder,2C3CCAXJ7DH552948,14,Margareta Rickersy,23
95,Mazda,B-Series,4USCN33452L863175,90,Norbie Dreger,50
41,Honda,S2000,WBAGN63463D215796,78,Terrell Iggo,91
18,Volvo,960,3D7JB1EK0AG277507,63,Jephthah Sheerman,49
56,Buick,Skylark,JH4KB16678C304861,62,Merridie Sallery,6
8,Honda,CR-V,KMHTC6AD9DU268936,5,Perl Mereweather,2
42,Lexus,LX,WBA3B3C59DJ184593,97,Cornelia Mattys,34
47,BMW,Z4 M,2G61N5S32E9308958,45,Cassey Auguste,13
99,Kia,Spectra,WA1CGAFE7BD232361,70,Emelen Kenford,95
33,Volkswagen,Jetta,JHMZF1C69DS332460,27,Tammi Seals,44
2,Volvo,S80,19VDE1F57EE689800,52,Orin Garard,32
48,Isuzu,Trooper,3GYFNKE47AS239522,48,Kristan Wintersgill,11
97,Ford,Expedition EL,5UXWX7C52E0656812,50,Jasper Tees,28
83,Bentley,Continental GTC,1G6DL1E39D0026221,8,Ros Ryley,80
94,Lincoln,MKS,3VW4A7AT6DM460568,67,Basilio Stoller,50
40,Mitsubishi,Chariot,WDDHF5KB4FB928443,87,Rutter Duckerin,40
63,Buick,Skylark,SALVP2BG8FH227365,73,Agnesse Veljes,94
68,BMW,X5 M,SCBLF34F55C288974,74,Portie Betjeman,70
25,Nissan,Sentra,3C4PDDAG5FT794933,25,Antonino Tiner,90
14,Subaru,Legacy,YV126MFK2F1510323,39,Rancell Gunning,35
90,Daewoo,Leganza,WAUKF68E85A376132,2,Toni Sinney,100
39,Infiniti,QX56,JA32X8HW5EU067591,24,My Biasio,99
23,Ford,Thunderbird,1FA6P0H75F5286145,10,Thurston Byrch,9
38,Pontiac,Montana SV6,WA1LMAFE0AD319252,85,Brnaby Navaro,22
6,Mercedes-Benz,600SEL,1G6KP5E99AU053852,65,Appolonia Lufkin,40
85,Chrysler,Town & Country,1C4RDJEG1FC303075,1,Ransell Hamstead,20
75,Volkswagen,Jetta,19UUA76527A177892,28,Phil Yarnell,26
32,Dodge,Ram Van 1500,WP1AE2A27EL644601,33,Dyanne Niesing,17
72,Suzuki,X-90,SCFFDCBD7CG231958,51,Franni Winham,24
53,Volkswagen,Passat,1N4AL2AP9AC498479,92,Nadean Renon,94
99,BMW,M6,WP0AA2A90CS497442,7,Ruddie Recke,88
75,BMW,X5,3VW1K7AJ1FM576343,75,Gwenora Reast,42
46,Volvo,XC90,3D73Y3CL1BG460950,100,Heath Keysel,24
45,Subaru,Forester,WAUDV94F27N717807,3,Eddy Zamora,55
33,Hyundai,Veracruz,WP0AB2A85CS671591,37,Ketty Irnys,52
48,Dodge,Ram 1500 Club,1GD02ZCG4DF195669,18,Aubree Rastall,43
1,Mitsubishi,Pajero,WA1CMAFP7FA668063,29,Lauryn Muriel,65
47,Jaguar,XK,WBA3C3C5XEP094722,55,Giorgia De Ortega,38
53,Toyota,Yaris,1G6DC8E39E0441873,43,Nollie Upstone,98
68,Nissan,240SX,2T1BU4EE5DC698352,11,Enos Cockayne,76
6,BMW,8 Series,KMHHU6KJ8FU395123,40,Nels Challin,19
48,Ford,Ranger,WBALW3C56FC557360,55,Cherey Tolliday,4
69,Suzuki,Swift,1FMJK1G5XEE358327,54,Benjamen Lindwall,35
95,Toyota,Camry,WAUMGAFL7CA114772,6,Adrianne O'Shee,35
40,Pontiac,Trans Sport,WBAFB33571L136877,62,Obadiah Jansens,61
78,Honda,Civic,JN1CV6FE9FM572869,34,Lita Proudlove,43
45,Honda,CR-V,5GTMNGEE3A8720503,74,Catie Lademann,48
87,Ford,Escape,2B3CJ4DG7BH691679,74,Georges Ruberti,28
64,Acura,SLX,1FTWF3C54AE867842,41,Hedi Severy,69
65,Ford,Mustang,SAJWA4GC6EM020513,56,Lewiss Kinforth,27
76,Porsche,911,JM3TB2MA9A0893655,22,Roze Cortese,91
22,Kia,Sedona,WBAAZ33454K476813,36,Clarette Blinckhorne,60
6,Chevrolet,S10,WBA3B9C53DJ473973,51,Alexis Paddefield,34
5,Dodge,Grand Caravan,WA1EV74L47D690031,94,Belia Bellwood,43
79,Chevrolet,Suburban 2500,WDDEJ7GB3CA832858,91,Tedda Mineghelli,79
50,Saab,3-Sep,1C4RDHDG0EC227051,53,Nadean Riehm,40
50,Ford,Laser,WBANV93599C118740,17,Kurtis Fuzzey,45
60,Honda,Accord Crosstour,19UUA66208A034165,95,Sully Dillow,42
98,Infiniti,FX,1C4RDHAGXEC084954,93,Corine Pepperd,70
12,Infiniti,J,WAUVC68E04A109264,89,Quintin Leathes,26
55,Honda,Civic,1G4HP572X8U876285,5,Carma Sictornes,24
48,Buick,LeSabre,1D7RB1GT2AS985758,46,Kerrie Troppmann,15
88,Oldsmobile,88,3VWML7AJ4EM958780,86,Marylee Radleigh,27
10,Mitsubishi,Montero Sport,WBA3B3C57DJ537560,23,Fay Calladine,84
78,Dodge,Ram 1500,1GYEK63N22R739650,13,Marleah Amyes,23
19,Ford,Transit Connect,JN1AZ4EH0EM287391,44,Penrod Berget,71
34,Infiniti,I,1D4RE4GG5BC149981,17,Charlene Lavery,81
42,Mercury,Sable,WBAKB4C56CC423649,42,Bobbie Batalini,24
93,Lexus,SC,1D7RE3BK7AS195339,100,Mannie Dunrige,5
83,Mercedes-Benz,SL-Class,1FTEX1E83AK111196,81,Ramsay Tomashov,86
54,Kia,Sportage,1C4RDHAG6DC086862,96,Aleen Wych,13
15,GMC,Safari,5TDDK3DC4ES301795,78,Wylie Jeanneau,68
57,Chevrolet,Camaro,5NPET4AC0AH272629,71,Merl Akenhead,44
40,Pontiac,Sunbird,3C4PDCEG8FT089483,89,Joela Roselli,51
6,Dodge,Journey,1G6DS1E35C0028680,53,Jonas Begent,48
25,Mazda,Mazda6,2T1KE4EE4BC059731,56,Jard Clamp,62
25,Fiat,500,SCFFDAAE6CG057167,64,Lind Caffrey,86
54,BMW,6 Series,JTHBP5C23C5638408,6,Pam Henriques,57
88,Rolls-Royce,Phantom,WA1YD64B35N795698,41,Sheffie Kiely,76
6,Mazda,Mazdaspeed 3,3VW4S7AT3EM445380,13,Cora Salman,16
6,Dodge,Dakota,SCBBB7ZH0FC083976,20,Delly Wroath,12
44,Mercury,Grand Marquis,WAUBF78E57A411556,44,Timmie Menelaws,69
63,Chevrolet,S10,1G4HP54K924470235,82,Ulysses Adamides,11
53,Rolls-Royce,Phantom,1FAHP2D8XFG490639,59,Anthony Kembery,40
74,Toyota,Prius,WDDUG7JB7FA437489,17,Brien Boutellier,61
61,GMC,Acadia,SCBBR93W09C771379,34,Shelagh Wollaston,92
59,Cadillac,DeVille,5GAKVBKD0EJ449543,67,Orv Audiss,63
17,Land Rover,Sterling,WBASN4C56BC873663,74,Joice Wetherburn,40
98,Mitsubishi,Cordia,WVGEG9BP9CD970194,79,Daria Fery,5
26,GMC,Yukon XL 2500,1G4HP54K04U140244,89,Farlay Halfhyde,58
47,Suzuki,Verona,JA4AS3AW6DU511269,7,Fin Wittke,22
61,Land Rover,LR4,WA1CMAFEXCD521115,91,Donnamarie Richfield,60
20,Toyota,Celica,1C3CDZAB4CN869508,39,Dosi Ewing,52
65,Aston Martin,DB9,WAUKH98E88A990730,75,Arlana Buzza,32
79,Toyota,Corolla,1B3BD4FB0BN248415,57,Allina Tuftin,50
52,Mazda,B-Series Plus,WDDGF4HB7CA222081,74,Joshuah Elkin,83
89,Porsche,928,WBAKG1C55BE458721,99,Zak Kinde,18
79,Honda,Accord Crosstour,3C6TD5NT9CG834857,59,Jolee Gerrels,91
52,Audi,A8,SALAG2D4XBA830676,70,Jaimie Robinette,2
84,Maybach,62,JM3ER2W33A0747187,91,Enriqueta Parell,20
97,Suzuki,Sidekick,1FMJK1F51AE136688,67,Fernande Easterby,91
100,Honda,Fit,KMHEC4A41EA018204,71,Ruth Cownden,17
14,Infiniti,FX,2G4WD552861031981,48,Angele Hallihane,68
38,Ford,Expedition,1G4HC5EM4BU102508,58,Esmeralda Gabits,49
14,GMC,Yukon XL 2500,YV1960BW6A1495608,36,Meridith Airey,72
44,Mercedes-Benz,G-Class,SCBLC37F53C259590,34,Hulda Durand,58
16,Mazda,B2600,JTDKTUD38ED342078,67,Pascale Graveson,92
3,Volvo,S60,19UUA9F79EA742360,77,Annalee Markson,65
5,Land Rover,Range Rover Sport,3GYEK63N83G755756,18,Carney Greenroa,72
98,Hummer,H2 SUV,1ZVBP8JZ8E5938030,10,Patrick Drable,94
35,Infiniti,G35,1B3BD2FB7BN298619,67,Kitty Colin,31
8,Mercedes-Benz,CLS-Class,3GYFK66NX4G571906,23,Jasmine Wogdon,26
95,Jeep,Wrangler,1FTEX1CM7DF423339,29,Milty Ellgood,82
93,Pontiac,Grand Prix,1FTEX1EW0AF763863,17,Cece Abrahamsson,56
86,Toyota,Sequoia,5TDBW5G15DS173549,36,Maxwell Tingey,47
11,Chevrolet,Camaro,JN1CV6EK9EM605780,8,Coretta Kos,23
18,Honda,Pilot,JN8AE2KP9E9461832,56,Lethia Lanfere,100
30,Pontiac,G6,3C4PDCBB6CT659825,69,Sonny Staddon,6
62,Jeep,Grand Cherokee,JM1BL1L38C1977834,74,Yvette MacCaughan,60
27,Subaru,Impreza,5J8TB1H2XAA100333,44,Cecilla Fackrell,62
7,Mercedes-Benz,400SE,WAUKH98E47A977116,15,Ketti Canavan,11
33,Mercedes-Benz,SL-Class,WBA3B5C50DP224732,52,Brana Orrock,4
94,Toyota,MR2,1N6BF0KL2FN409611,66,Leontine Raittie,52
35,Ford,Econoline E150,2G61W5S80E9901663,36,Analise Mahony,16
19,Toyota,Solara,JN1AZ4EH1BM736914,20,Reina Crowter,62
90,Honda,Accord,5N1AN0NU7AC931009,14,Renee Ketts,75
96,Honda,Fit,JH4CU2F46CC106932,63,Conny Copping,37
67,Chrysler,LeBaron,TRUUT28N721631996,79,Belicia Dabel,69
44,Kia,Optima,WAUDV74F39N732825,35,Fons Weymouth,80
45,GMC,Yukon XL 1500,5XYKT3A14BG027787,50,Teador Waleran,63
14,Volkswagen,CC,5N1AZ2MH5FN662590,100,Michale Blasli,26
52,Cadillac,Escalade,WDCYC3HF3EX525339,68,Cord Latey,5
58,Chevrolet,Avalanche,1GKS2FEJ8DR021062,11,Merrill Etridge,56
3,Pontiac,6000,1N4AB7AP4DN442880,86,Levi Iacovolo,30
48,Chevrolet,Suburban 1500,JM1CW2CL9F0995450,31,Mariejeanne Stinchcombe,74
90,Kia,Sorento,WBABN33473J056054,83,Karlie Marl,88
44,Toyota,Camry Hybrid,WAULF98K79N187093,95,Russell De Mico,67
95,Volvo,S40,JN8AF5MV4FT532904,66,Raynor Hambly,13
83,Chevrolet,Malibu,1FTEW1CW1AK152298,94,Sadie Fitzgerald,88
61,Pontiac,Gemini,YV4952CT2D1039387,57,Alick Twiggs,90
30,Mitsubishi,Raider,1GYEC63877R797445,78,Biron Ganforth,25
61,Kia,Sedona,WBA3B3G57FN860318,27,Marga Towndrow,15
19,Mazda,626,3D73Y4CLXBG350887,23,Gale Duchesne,65
39,Suzuki,Aerio,1N4AL2EP4DC684316,65,Raynor Ortmann,13
33,Saab,5-Sep,2B3CJ5DT0BH231167,65,Graehme Marquot,88
58,GMC,Yukon XL 2500,5J6YH1H36BL629614,82,Warner Belliard,36
14,Morgan,Aero 8,2C3CA7CW9AH405519,2,Jermaine Abethell,49
28,Chevrolet,Sportvan G20,1G6DS5ED8B0896266,92,Miles Garwill,37
16,Ford,Crown Victoria,WVWED7AJ2DW000837,17,Gaby Alexandre,22
1,GMC,Yukon XL 1500,2C3CDXJG6CH587539,35,Roxane Broomfield,64
89,Daihatsu,Charade,1G6DJ8ED0B0254421,54,Philis Weldrake,51
90,Isuzu,Rodeo,WBAUC73508V119333,48,Jonell Berrick,55
1,Chevrolet,Prizm,SCBLC43F26C947059,72,Lucien Osborn,84
88,BMW,Z4,1FTSW3B50AE524638,27,Judon Garfoot,33
13,GMC,Savana 2500,JN1BJ0HR5FM148688,95,Sterne Timothy,39
30,Mercury,Grand Marquis,3GYFNEE33CS637483,2,Kore Kermon,44
33,Maybach,Landaulet,YV1902AH7B1470136,90,Norman Iron,42
31,Toyota,Camry,2T1BPRHE7EC716870,20,Siward Hornbuckle,70
88,Hyundai,Elantra,JM3TB2BV3D0673566,33,Madlen Oleksinski,7
18,Lincoln,MKT,JH4CU2E60AC369157,91,Tris Colquite,76
67,Dodge,Ram 1500,WVGAV7AX2AW088067,35,Zerk Guirau,28
29,Buick,LaCrosse,1G6AJ5S34F0901289,65,Ollie Galier,89
12,Honda,Insight,1FMEU7EE3AU652850,37,Christoffer Butler,81
64,Infiniti,G,1N6AF0KY8EN851637,69,Lishe Itzkin,4
26,Ford,E-Series,WUADUAFG3AN356109,75,Umeko Bermingham,21
43,Suzuki,Daewoo Magnus,5N1AA0NC6FN570614,94,Jeanne Hamflett,99
94,Infiniti,Q,WBA3B3C50DF827870,17,Karel Goodricke,38
56,Cadillac,DeVille,JTDKDTB34C1661194,50,Kay Branscombe,37
80,Dodge,Grand Caravan,1G4HP54KX34829142,11,Koral Soots,100
42,Toyota,Tercel,1D4RD2GG6BC242841,66,Netti Cobbe,32
30,Kia,Spectra,WBAKB0C52BC249845,16,Darsie Ewdale,7
86,Audi,S4,1J4RG4GKXAC912601,66,Renault Heffer,12
53,Chevrolet,Uplander,WBXPC93437W157783,79,Jacky Kettlestringes,50
80,Chevrolet,Caprice,1G6AC5S38D0417634,87,Dukie Fern,16
9,Volkswagen,Golf,1B3CB4HA3AD960520,84,Brooks Verheijden,97
18,Ford,Mustang,WAUNF98P86A684662,86,Raleigh Cleeve,22
91,Dodge,Ram Wagon B350,5YMKT6C52F0371610,87,Vevay Minet,57
38,Mitsubishi,Pajero,1G6DH5E56D0398268,42,Emile Hawket,45
23,Honda,Pilot,WBAWL7C55AP314606,19,Dulce Denisovich,96
21,Dodge,Ram Van B150,WAUDN74F48N057775,87,Rickie De'Vere - Hunt,84
86,Cadillac,CTS-V,3FADP0L33AR773619,29,Byran Ganiclef,81
78,Buick,Roadmaster,WAUAC48H66K518377,46,Cammi Chatainier,23
55,Chevrolet,Express 2500,WP1AA2A2XBL064525,67,Nance Busch,23
71,GMC,Savana 2500,1G6KD57Y92U537891,4,Had Reeman,32
91,Mazda,929,3GYT4LEF5CG869980,8,Douglass Stangroom,12
96,Saab,900,SAJWA1EKXEM696116,56,Ade Brislen,45
81,Cadillac,Eldorado,JTHBE5C29B5929922,72,Claudio Blumson,12
44,Suzuki,SJ,1G6AP5SX6E0025891,27,Desmond Cureton,38
11,Ferrari,612 Scaglietti,WAUFL54D11N795542,62,Nicolle Blaxter,29
19,Lincoln,Town Car,5TFBY5F19BX808260,15,Chrysa Wilne,58
30,Ford,E150,1G4PS5SK4E4278898,80,Siffre Kelsell,62
56,GMC,Yukon,WBA5A5C50FD649545,93,Norma Kropp,87
51,Pontiac,Firebird Formula,1FTSX2B59AE665120,56,Judah Scapelhorn,88
26,Aston Martin,Virage,1VWAH7A37EC139365,65,Somerset Behne,3
36,Infiniti,M,1G6DL5ED8B0360754,73,Edi Dibdale,91
27,Chevrolet,Astro,2C3CK3CVXAH856875,21,Ursola Drowsfield,49
30,Buick,Electra,WAU4GAFB9BN163924,37,Kippy Petran,63
90,Toyota,Land Cruiser,1FTEX1CMXBK190481,6,Dierdre Arangy,20
17,Mitsubishi,Endeavor,WAUEG78E36A766900,95,Britt Shaxby,31
20,BMW,7 Series,1ZVBP8JZ9D5908047,29,Sapphire McChruiter,52
56,Jaguar,S-Type,1N4AB7AP8DN286603,81,Lacy Jurasek,32
45,Chevrolet,1500,WAUDGBFL2BA114490,41,Mora Maiden,26
16,Mercury,Sable,KNALN4D78F5121512,31,Bonni Clifforth,26
8,Lexus,ES,3N6CM0KN7EK136035,76,Delmer Mayoral,14
22,Subaru,Outback,WA1DGBFP7DA602191,37,Base MacQueen,16
89,Audi,A3,WBSWL93579P673748,36,Alic Mathey,92
60,GMC,Savana 3500,WA1WKBFP5CA753245,95,Lindi Stevani,49
14,Chrysler,300,5N1AN0NU0DN378423,72,Evania Rothchild,91
53,Subaru,Justy,19UUA76557A517326,53,Mason Sissel,27
97,Ford,Bronco II,WAUMF98PX6A486788,23,Heddie Atling,17
94,Mazda,Navajo,3D4PH6FV9AT458267,95,Eduard Parriss,4
31,Infiniti,FX,5N1AN0NW6DN643511,87,Don Culham,20
80,Mitsubishi,Lancer,WAUHF68P96A623364,82,Emylee Blackler,93
51,Ford,F350,WAUAF78E78A749392,58,Somerset Fogt,86
84,Suzuki,Swift,1J4NF1FB9BD066197,98,Sigmund Kornilov,47
6,BMW,M3,1G6DG1E39E0424549,1,Byrann Alcide,61
84,Chevrolet,G-Series G20,WAUBG78E16A333806,87,Moreen Jaskiewicz,66
36,Porsche,Boxster,1GYEE637190051405,3,Lynnea Westbrook,73
29,Volvo,S80,1GYUKFEJ8AR239187,64,Delores Coppen,2
12,Oldsmobile,Custom Cruiser,WAUHF98P58A512802,74,Royall Brozek,50
84,GMC,Sierra 1500,JN8CS1MU6DM777327,32,Maggee O' Liddy,75
88,Mazda,Millenia,2FMGK5BC8BB517635,73,Barn Clarkson,63
56,Mitsubishi,Galant,1N6AF0KY0FN547929,80,Mel Abberley,22
84,BMW,745,1GKS1AE09DR741905,45,Garald Trengrouse,59
39,Volkswagen,New Beetle,JN1AZ4EH9DM005750,2,Adler Fearick,8
48,Nissan,370Z,3N1CN7AP6EL663153,2,Alvin Skurray,54
58,Acura,TL,3GYEK62N05G005210,56,Anselm Bramwich,75
54,Ford,Focus,JTDZN3EU6EJ197134,97,Jerry Louth,34
95,Mazda,Mazda6 Sport,3C63DPJL5CG113131,49,Starr Bugdale,49
77,Chevrolet,Blazer,1FMEU7DE3AU988323,17,Celisse Kennagh,87
51,BMW,X6 M,WAUBF78E06A620198,94,Ardine Capron,45
2,Porsche,911,1FTSX2A58AE864371,94,Hernando Eddowes,43
85,Cadillac,CTS,1GTPCTEX5AZ824943,91,Shaughn Beefon,98
31,Mazda,626,19XFA1E30BE476047,49,Ive Northrop,8
34,Honda,Civic,WBSDE93402C858150,40,Romain Donke,70
57,Volvo,XC70,JN8AE2KP3D9883982,49,Alameda Melendez,14
23,Cadillac,Eldorado,4T1BD1FK5EU645427,94,Anatol Sherlock,21
86,Chevrolet,Tracker,TRUB3AFK9C1207053,85,Bernetta Cartlidge,34
46,Suzuki,SJ 410,JTHBL1EF1B5774524,49,Mohandis Raithmill,87
61,Pontiac,Montana,4T1BK3DB8CU234783,69,Carmine Hentzeler,31
80,Nissan,350Z,1GYFK33209R548084,9,Bucky Chivers,48
70,Ford,Tempo,JH4CU4F63DC068106,58,Cati Daventry,16
14,Mitsubishi,Eclipse,KMHHT6KD5CU410377,85,Frannie Janeway,35
94,GMC,Acadia,WBA1F9C5XFV131542,87,Neville Goodayle,52
15,Honda,Civic,1G6KS54YX1U362883,72,Halimeda Launchbury,41
3,Infiniti,I,1NXBU4EE7AZ083215,20,Ferdinande Hatliffe,16
14,Suzuki,Esteem,5YMGZ0C5XDL664717,12,Alethea Spaxman,59
73,Suzuki,Daewoo Lacetti,2D4RN3DG1BR458613,58,Elsbeth Winning,39
36,Nissan,Titan,WAUGVAFR8BA578532,17,Alex Brittian,35
49,Dodge,Ram Van 3500,KMHHT6KDXAU450158,40,Gabriello Handrahan,70
47,Mazda,Miata MX-5,KMHGC4DE8BU884585,71,Rivy Hansie,66
7,Mazda,GLC,1FT7W2A64EE717066,99,Arni Peppard,32
47,Pontiac,Sunbird,WVWAN7AN9DE529948,76,Dar Trymme,39
91,Dodge,Caliber,WAUEF78E27A387987,61,Galina Seeking,99
12,Toyota,Corolla,2G61M5S37F9598697,16,Mozelle Lisle,81
86,GMC,Yukon XL 1500,WBAAV334X1E614514,31,Adelbert Hogben,34
87,Volkswagen,Rabbit,WAUDFAFL8AN605408,87,Scotti Mitchiner,52
76,Merkur,XR4Ti,JTHDL5EF2F5231155,58,Rex Menichini,78
26,Dodge,Neon,SCFFDAAE6CG076043,95,Estelle Evenden,88
32,Audi,A8,WAUKG78E36A538317,86,Karole Dunridge,85
90,Mercedes-Benz,C-Class,4T1BF3EK9BU135486,33,Dolli Janecki,81
74,Volkswagen,Golf,JN8AZ1FY8EW141212,86,Sarina Imrie,17
77,Ford,F250,WBAVB33546P136864,7,Gunter Vasyagin,31
26,Ford,E-Series,WAULT58E35A940048,69,Gerrard Oguz,22
76,Suzuki,Esteem,WAUSH74F07N073548,19,Carmina Diegan,94
26,BMW,745,JA4AD3A34FZ609707,88,Nichole Goodday,32
36,Aston Martin,V8 Vantage S,1C6RD6GP7CS213237,57,Cassie Waplinton,83
53,Chrysler,Town & Country,5GAKVCED8BJ284225,81,Skyler Meddemmen,9
1,Lexus,ES,19XFA1E5XAE800394,100,Tobie Egan,55
37,Lexus,LS,4A4AP3AU5DE232050,13,Alwin Thys,59
74,Cadillac,Eldorado,1G6DC8E3XE0225059,14,Chico Manion,69
72,Toyota,Matrix,1G6YX36DX75855654,16,Lonee Rudman,66
99,Dodge,Spirit,JTHKD5BH2C2426745,58,Herbert Swire,85
23,Toyota,T100,1FTEX1C88AF751948,63,Jamison Woollard,76
33,Oldsmobile,Silhouette,1GD12ZCG3CF878336,21,Zsazsa Bolt,66
18,Lexus,GX,WBAAV33431F647364,61,Aube Rome,8
36,Maybach,Landaulet,3GYFNAE3XFS477907,48,Barthel Winders,11
36,Lincoln,Continental,2C3CDZBT6FH432341,8,Chester Picot,81
18,Lincoln,Town Car,WA1CMAFE0BD400804,71,Ethel Winder,51
1,Mercedes-Benz,SL-Class,19UUA75577A263801,70,Norine Cottis,4
44,Chevrolet,Tracker,JTDJTUD37ED439719,1,Carolee Willey,54
7,Dodge,Avenger,3D73Y4EL7AG988056,64,Herculie Rohlf,8
17,Dodge,Ram Van 1500,3C3CFFDR2CT216628,40,Claudio Cullon,79
61,Mazda,RX-8,SCFEDCAD1CG413930,35,Latisha Lyon,22
81,Hyundai,Elantra,JN1CV6FE4FM620214,50,Vincenz Disbrow,79
53,Mercedes-Benz,Sprinter,JH4DC53826S951643,4,Pinchas Grinsdale,83
8,Saturn,Astra,1G4HR54K944895404,39,Percival Goacher,35
72,Ford,Crown Victoria,4USBT33404L084822,10,Wyatan Meeson,6
6,Volkswagen,Passat,JN8AZ2NC2D9148312,42,Malachi McSporrin,25
71,Volkswagen,Jetta III,WAUDK78T39A296185,63,Barrie Swalwell,93
51,Mitsubishi,Truck,WBAPM5C56BF775567,98,Gunther Ovens,81
10,Chevrolet,G-Series G20,WAUHF68P06A307531,74,Davy Lamble,64
61,Porsche,944,5N1AN0NU4CN728523,44,Saxe Le Quesne,40
41,Ford,Thunderbird,2G4WY55J111867376,33,Cullan Huonic,44
98,Chrysler,Town & Country,KMHTC6AD8DU088685,83,Ettie Menere,41
61,Toyota,Corolla,1G6AB5SX2D0099256,61,Bary Mansbridge,54
91,Lincoln,Navigator L,WBAWV1C55AP297393,80,Edie Van Zon,30
97,Porsche,Boxster,WAUFFAFL3EN722960,61,Randy Thurstan,47
10,Honda,S2000,3N1CE2CP5FL092871,42,Donnell Mayes,78
24,Cadillac,CTS,JN8AZ2NC1B9450400,84,Violet McComb,13
60,Dodge,Viper,SCBLF34F26C568840,52,Bryn Michiel,48
93,Lotus,Esprit,5GAER13768J970176,37,Harrietta Wenger,2
87,Lincoln,MKT,WBABS33471J162736,61,Caressa Blinerman,49
47,Chrysler,Imperial,1G6AT5SX7E0934881,28,Othella Nice,66
87,Mercedes-Benz,CL-Class,5J8TB18258A212127,46,Culver Naseby,32
23,Infiniti,G,WBAFR9C54DD205652,82,Elysha Oleszcuk,98
73,Fiat,500,WBS3U9C59FJ214896,4,Laurent Liversage,72
83,Porsche,911,JN8AZ2KR5AT170120,28,Sydney Reinhardt,63
18,Ford,Focus,WBA3B1C53DK097870,80,Lenee Swift,99
29,Acura,RDX,5UXWX5C52BL895498,74,Artair Jansey,28
47,GMC,Yukon,SCBZK25E81C441203,15,Gaile Garlant,77
82,BMW,Z4 M,WA1WMBFE2FD142195,60,Nicky Heibl,31
95,Pontiac,Firebird,WAUEV94F67N741550,45,Cyndia Fullerlove,47
97,Porsche,Cayenne,1G4HJ5EM8AU228522,81,Anneliese Ebdon,14
80,Mitsubishi,Chariot,1FAHP3FN4AW136266,99,Gabriel Simond,100
30,BMW,M6,5YMGY0C53AL811278,33,Shaine Smidmore,6
31,Mitsubishi,Galant,JN8AS5MT4CW649905,84,Ransom Ackenson,79
83,Volkswagen,rio,1G6AM5S38F0844649,5,Isador Peddie,51
66,Suzuki,Forenza,1GYEC63N96R894523,7,Isador Broune,95
3,GMC,Sonoma,WBA4A7C55FG737772,25,Lavena Notti,73
20,GMC,Sonoma,SALAF2D43AA986124,2,Tish Norquay,76
25,Mitsubishi,Mirage,1N4CL2AP9AC391344,28,Fey Dockree,50
29,Honda,Ridgeline,3VW4S7AT2EM374656,20,Annmarie Duerdin,99
27,Subaru,Alcyone SVX,JH4KB16347C201658,44,Maegan Burnitt,85
30,Chrysler,300,2C3CCAAG3FH586093,25,Lauren Luker,18
61,Ford,Windstar,JN8AF5MR7CT074029,97,Sandi Hallet,80
49,Ford,Explorer,WBAYA6C5XFD362653,4,Dougie Asch,100
83,GMC,Savana 3500,3D7JB1EKXAG369305,62,Nolly Pottiphar,23
28,BMW,3 Series,WVGAV7AX2CW215516,22,Tilda Ormrod,38
10,Mitsubishi,Outlander,WBADN63492G501979,69,Fionna Sabbin,87
91,Porsche,944,5N1AA0NCXDN484283,80,Obed Dog,47
70,Nissan,Quest,SALFP2BG0FH898145,36,Goober Heijne,16
93,Mitsubishi,Galant,3D73M3HLXAG829775,76,Packston Kermath,10
22,BMW,7 Series,KNADM4A35D6627198,26,Wandie Raggles,64
81,Ford,Ranger,19UUA56631A083508,8,Meredith Gilgryst,43
48,Cadillac,Allante,1G4GE5E38CF025676,44,Brocky Chaff,94
41,Jeep,Liberty,19XFB2F52DE988379,52,Lane Runnalls,57
55,Lotus,Esprit,1FADP3E22FL370792,49,Wit Brandacci,86
77,GMC,Yukon XL 2500,KMHHT6KD2BU192932,98,Vince Barkly,5
54,Volvo,S40,JHMZF1D44FS083789,70,Arleen Harrie,82
2,Nissan,300ZX,1D7RB1GK7BS509708,24,Lamond Primmer,8
72,Cadillac,Escalade EXT,1FTSW3B54AE743862,80,Wake Stein,10
21,Mazda,MX-5,1G6KD54Y13U290131,49,Fabian Fann,43
1,Mercury,Milan,2LMHJ5ATXEB679688,92,Kristin Maryon,26
67,Ford,E350,4T1BB3EK5BU744456,42,Jervis Paddemore,62
93,Volkswagen,Eurovan,3D7LP2ET2AG325677,85,Elnore Juleff,25
34,Pontiac,Chevette,WAUAH94F27N858998,5,Jenica Sartin,56
11,Land Rover,Freelander,YV126MEB2F1452179,24,Virge Curthoys,13
57,Hyundai,Tiburon,JN1BJ0HR5FM527464,100,Hayyim Conradie,63
10,Dodge,Viper,WAUKG98E46A168670,30,Kimmy Gerrietz,49
99,Volkswagen,Golf,WBA3K5C54FK414582,53,Sheffie Kasting,66
66,Chevrolet,3500,WBAPM7C55AA883346,39,Daffy Lyburn,4
17,Dodge,Ram 1500 Club,JM1CW2BL7D0474175,9,Wolf Alans,26
25,Ford,F250,1GD312CG7EF907701,35,Ofelia Farrear,32
18,Ford,Escort,JTHDU1EF1A5194758,12,Durante Geraudel,2
7,Nissan,Pathfinder,SCBGU3ZA4EC039103,85,Ronica Brotheridge,40
49,Nissan,200SX,NM0AE8F75F1023301,67,Aldon Newman,46
23,Mazda,Familia,3D7TT2CT9BG717345,82,Mair Skelly,75
25,Nissan,Maxima,5N1BA0NE9FN589650,34,Mavra Fearneley,22
78,Ford,F350,19VDE1F72FE500831,79,Sheila Gobat,49
59,Oldsmobile,Intrigue,5FNRL5H2XCB636707,85,Avery Vauter,24
50,Bentley,Continental,SCFEDCAD2CG121526,15,Marj Turk,76
54,Volkswagen,Golf,JTDZN3EU2FJ175844,74,Yevette Causer,2
71,Kia,Sephia,SCBFT7ZA0EC355684,42,Sukey Giacopello,12
99,Ford,Escape,1D7RB1CTXAS115083,30,Zonda Sleaford,52
36,Toyota,Supra,WAUNF98P18A687907,86,Maxine Ovendon,58
70,Mercury,Mariner,WAUDG74F46N004646,85,Elisha Annon,2
43,Volkswagen,New Beetle,WAUFFBFL1AN819302,92,Winny Sellwood,33
26,Ford,Crown Victoria,WAURGAFD8EN813743,72,Mack Seiter,20
19,Plymouth,Grand Voyager,WP0CA2A87AS009424,71,Sallyann Yanez,52
82,Ford,Contour,WAU2GAFCXEN087151,27,Bernadette Showler,67
19,Acura,ZDX,WAUUFAFH9DN435091,15,Brennan Skentelbury,39
21,Eagle,Vision,YV126MFJ8F1639657,77,Auroora Wase,54
34,Chevrolet,Aveo,1G6DC8E32E0573437,7,Burnaby Viner,51
90,Infiniti,QX,WAUAFAFH2EN453808,76,Tucky Nanetti,99
99,GMC,Savana 2500,5GAKVCKD4EJ592453,1,Kimberley Plum,48
97,Ford,E250,WBAYA8C50FD703957,66,Winne Addeycott,41
6,BMW,M6,3C6TD5KT6CG099727,66,Angeli Harg,50
94,Audi,A8,WP0AA2A91BS390575,5,Free Ratledge,93
11,Ford,Expedition,SAJWA0E7XD8432312,40,Susan Gann,44
11,Volkswagen,Jetta,4T1BK1EB8FU104834,29,Sherline Orys,27
20,Buick,Park Avenue,WAUDF98E18A638989,44,Rudolf Treadway,92
62,Porsche,928,3GTXKYEJXAG257723,80,Arlen Agneau,31
15,Mercedes-Benz,W201,3VW507AT3EM465011,59,Waverly MacCarlich,91
41,Mercury,Cougar,WAUVKAFR4AA259675,51,Carmine Pullin,34
60,Mercedes-Benz,CL-Class,WBA3D3C55EK985818,11,Melessa Gillanders,40
42,Cadillac,STS-V,19XFB2F54EE246339,91,Romona Guyonneau,41
27,Ford,Escape,JN1AJ0HPXCM500962,70,Gibby Bernardeau,13
82,Ford,Econoline E350,JH4CL95824C235476,6,Catarina Finci,91
97,Chrysler,Town & Country,WBSPM9C55BE873319,90,Alla Burgwin,42
19,Dodge,D350,1G4GE5G31FF130254,16,Winnifred Milier,54
78,Hummer,H2 SUV,WAUVT58E53A061902,82,Tamar Heyworth,64
41,GMC,Canyon,WBALZ3C56CD285440,14,Lucine Fearey,30
29,Honda,Accord,WBAAV53481F909858,21,Trude Teek,49
92,Buick,Enclave,1N6AA0EC2FN341493,74,Rodger Mascall,51
65,Ford,Crown Victoria,JHMZE2H32DS980682,59,Leanna Canniffe,17
28,Mitsubishi,Galant,4T1BD1FKXEU657878,47,Barb D'Alesco,82
57,GMC,3500,1G4HP52K14U943289,99,Sonni Gianasi,5
50,Volkswagen,Type 2,1GYFK46898R612918,60,Ron Brisbane,66
70,Maybach,62,WA1WMAFE5CD707903,30,Vincent Elnaugh,8
62,GMC,Rally Wagon 3500,SCBBB7ZH9CC728801,96,Bennett Christaeas,59
2,Nissan,Quest,SCBFT7ZA4DC938323,40,Row Syne,49
73,BMW,X6 M,JHMZF1C68CS359602,47,Celestina Dalston,47
98,Hummer,H1,1N6AA0CC8EN854958,81,Orson Tinsley,8
68,Mercedes-Benz,E-Class,19UUA56882A137260,24,Giacopo Bartoszewicz,20
25,BMW,M3,JH4CU2F81EC045351,39,Bartlet Mcimmie,5
33,Buick,Century,1GKS1KE00CR179493,67,Chrissy Crosbie,90
45,Ford,E150,1G6DL5E36D0592408,96,Lorette Featley,77
28,Mercedes-Benz,SL-Class,WBA3C1C5XCA185865,5,Aldus Gelletly,44
2,GMC,Savana 1500,3VWJP7AT4CM499014,76,Delaney Ferrettini,10
35,Audi,S5,1G6DM57N840050674,69,Samara Camocke,76
26,Mitsubishi,Chariot,1G4HD57206U413321,44,Jenn Mateu,41
74,Dodge,Ram,1G6AH5R34F0229557,82,Rene Labbe,90
49,Audi,A8,WDDGF4HB5EA697232,56,Rodina Varian,95
96,Subaru,Forester,1D7RV1GP0BS968355,47,Stella Avey,57
94,Ford,E250,5J8TB3H30GL750757,66,Jules Bambra,96
94,Maserati,Spyder,WAUGL58E45A114858,79,Thorn Gallymore,22
6,Audi,TT,19UYA42492A998428,20,Jessamyn Larham,4
22,Suzuki,Grand Vitara,1FTSF3A50AE947110,71,Gonzalo Sarfat,8
14,GMC,Sierra 2500,1GYFK66818R386157,38,Shelagh Bundey,56
69,Lincoln,Continental,1GYEK63N84R988327,63,Ron Mation,92
65,Honda,Ridgeline,JTEBU5JRXF5776747,26,Philis Sparham,26
50,Ford,Windstar,1FMJU1K56AE700562,79,Consolata Dangerfield,91
43,Honda,Civic,JN1CV6FE8EM020200,34,Aloisia Guiot,27
4,Chevrolet,Malibu,1G4CU541224259288,73,Deborah Harse,78
41,Mazda,Mazda3,WAUJC68E92A234601,2,Fallon Whimp,41
44,Chrysler,LHS,WBAWL1C58AP188173,97,Ezequiel McQueen,71
88,Jeep,Liberty,5GAKRBED3BJ848412,17,Avis Linkie,62
14,Cadillac,Escalade ESV,WAUDF98E48A511699,69,Lorinda Baxster,93
55,Pontiac,Grand Am,JA4AS2AW7DU321099,6,Harland Bedson,73
4,Mazda,Mazdaspeed 3,1G6DX67D470574641,70,Rowena Farre,28
15,Chevrolet,Suburban 1500,WAUD2AFD6EN940189,84,Charlean Maseres,30
20,Jaguar,XK,WAUEKBFBXAN902533,23,Elvina Aspden,26
27,Ford,GT500,SAJWA6AT7F8120828,26,Clary Fairebrother,9
79,Saab,3-Sep,SALFP2BGXFH718461,74,Otha Stolting,14
87,Hummer,H1,3VWML7AJ7DM016334,56,Fergus Orum,45
60,Chevrolet,Astro,1GTG5AE3XF1415564,14,Paquito Syres,91
20,BMW,1 Series,WDDPK5HA0FF013135,94,Nikoletta Jarmain,50
25,Ford,Ranger,WBAVB77548N451079,47,Cazzie Counsell,25
36,Ford,Escape,5GADT13S052881419,54,Taffy Benini,18
49,Audi,A6,KNADM4A3XD6224009,37,Pernell Radki,17
27,Land Rover,Defender 90,19UUA9F20CA599624,27,Jard Ruffle,24
34,Buick,Riviera,WDDEJ7HB3AA379384,44,Sheena Erangy,58
8,Plymouth,Laser,3D7JB1EK6AG869025,95,Haven Jarvis,23
45,Chevrolet,Avalanche 1500,WA1AY94LX7D662140,11,Andras Perrin,4
18,Ford,Mustang,1G4GE5GV0AF664775,36,Katrina Gozard,15
59,Volkswagen,Jetta,KMHCM3AC2AU005542,55,Joelle Bartlomiejczyk,66
92,Mercury,Sable,1G6DF8E56E0347569,86,Fidelia Treneer,23
41,Chevrolet,Tahoe,WAUBFCFL4CA723629,30,Drugi Manzell,10
29,Ford,Mustang,1FTFW1E82AF355356,71,Billie Lau,99
17,Volvo,V50,WBAAZ334X5K992652,78,Rudy Wines,10
35,Subaru,Forester,5UXZV8C54DL870724,57,Tremayne Arrigucci,85
24,Volvo,XC60,WAUKGAFBXAN628037,11,Ruthi Mulder,29
37,Chevrolet,G-Series 3500,JN8AF5MR0ET322432,92,Tadd Trollope,51
13,Saab,9-2X,5NPEB4AC5BH793723,73,Crystal Philipeaux,23
79,Ford,Expedition,WAUKF78P79A346293,15,Elora Warricker,74
86,Ferrari,F430,WBXPC93469W541771,68,Tamra Gue,70
35,Toyota,Ipsum,SALVP2BG0FH229644,74,Elianore Picford,78
54,Chevrolet,3500,JTEBU5JR8E5014354,100,Faber Westoll,92
30,Pontiac,GTO,WAUUFAFH6DN965860,47,John Cardenosa,73
11,Oldsmobile,Achieva,SCBCU8ZA6AC756964,81,Cammi Parr,91
98,Nissan,Maxima,WAUBFAFL5AA149592,49,Tierney Waywell,45
44,Hyundai,Sonata,KMHHU6KJ2FU394811,84,Kelcy Tagg,40
72,BMW,X3,WA1AY74L57D203733,93,Abbie Gorger,28
79,Ford,F150,SALAG2D42BA909419,77,Whitman Rosberg,94
50,Toyota,Land Cruiser,WAULC58E05A652181,48,Quinlan Longhorne,46
28,Oldsmobile,Bravada,WAUAF78E48A749320,99,Charlena Poundsford,65
49,Chevrolet,Aveo,1FTNF1E88AK927307,23,Abrahan Gravatt,5
98,Lexus,GS,JN8AZ1MU6EW172880,75,Arte Blunden,34
51,Infiniti,FX,19UUA9E55EA593381,64,Sondra Lammin,17
56,Mazda,B-Series Plus,JM3ER2A56C0134993,7,Pat Dennis,37
64,Suzuki,Daewoo Lacetti,JTDKDTB32E1447470,87,Calypso Heenan,92
14,Chevrolet,Cavalier,WBA3D5C52FK477366,16,Esma Thurgood,33
63,Chevrolet,Aveo,WBSWD93528P646145,77,Camel Giovannelli,72
98,GMC,3500,1D7RW5GK0BS943500,14,Whittaker Tunstall,15
33,Toyota,Prius,1HGCR2E35EA942629,3,Fran Ferrick,93
16,Toyota,Corolla,WVWAA7AJ0CW531119,53,Benton Matteacci,9
92,Morgan,Aero 8,WBA3B5C54EF939536,27,Loralie Karpushkin,83
41,Toyota,MR2,3VW4T7AT7EM003604,97,Jorge Polding,34
2,MINI,Cooper,WA1FFCFS6FR735440,45,Siusan Jailler,57
40,Lotus,Elise,WAUSFBFL8AA289609,42,Lyndsie Davenhill,96
39,Ford,F-Series,WA1CGAFP6EA154341,2,Henka Morfett,32
38,Austin,Mini,TRUWT28N841672083,72,Ada Dewar,35
67,Dodge,Dakota Club,WAUVC68E45A364727,48,Davie Tschierse,75
22,Mercury,Sable,WAUEH78E28A242301,58,Virginia Hegerty,62
19,Suzuki,Grand Vitara,1G6AB5R39E0314359,37,Hamel Easen,92
80,Ford,Explorer,WBA3B3G56FN396230,54,Maggi Cordsen,88
49,Nissan,Xterra,WAUKG94F56N322021,25,Kial Powland,40
29,Mazda,Mazda6,1N6AD0CU8EN675528,82,Griswold Ketcher,42
72,Toyota,Prius,JTHBK1GGXE2285599,34,Herta Bedbury,14
54,Lamborghini,Diablo,JHMFA3F29BS380091,39,Welch Clapton,26
42,Maybach,57S,WAUDH98E08A674828,59,Wheeler Ickovicz,80
81,Dodge,Ram Van 2500,1N6AA0CH1DN802386,93,Ola Bogue,73
9,Mazda,929,WBA3C3C52FP089340,57,Nicol Edden,76
28,Audi,TT,WAUFEBFM5BA069410,89,Merrilee Ludovico,19
31,Dodge,Dakota,3C6TD4KT6CG518881,67,Shalne Escott,13
74,Mazda,B2000,1GD120EG2BF458428,19,Selie Whardley,84
49,Land Rover,Range Rover,3C3CFFAR5FT082321,30,Kenyon Matteo,96
77,Cadillac,Escalade,JA32U2FU2EU727657,24,Aube Coppo,93
73,Mercury,Sable,JTDZN3EU5D3174009,28,Elsbeth Meachen,77
84,Buick,Hearse,JN8AF5MRXBT443352,12,Dorie Jewar,36
92,Mazda,B-Series,WA1DKAFP5BA531952,93,Dee dee Cotton,50
41,Chevrolet,1500,5GAKRCED6BJ803339,76,Pietro Culy,18
65,Chevrolet,Aveo,JH4CU4F66DC219648,57,Alberto Ormesher,75
93,Dodge,Spirit,WAULT58E82A180940,94,Malvina Taveriner,29
6,Volvo,V50,WBAAX13433P029392,7,Toby Spur,96
98,Jeep,Compass,1GKS1GEJ3BR174468,37,Nefen Fetherstan,88
60,BMW,M5,3N1CN7AP1FL721171,98,Sebastian Roads,53
96,Dodge,Viper,WAURD68D32A711479,59,Othelia Deer,23
35,Nissan,Frontier,JTHFE2C24F2951009,77,Danyelle Bygrove,4
18,Oldsmobile,88,4T3BA3BB9DU616304,26,Persis Llewellyn,53
26,Volvo,XC90,WAUVC58E12A893574,16,Max Midson,37
86,GMC,3500 Club Coupe,YV1902AHXD1317124,58,Torey Seyffert,15
80,Volkswagen,Jetta,3VW507AT8EM802868,62,Megan Rentalll,12
10,GMC,Envoy XL,WAULD64B02N424412,30,Anatole Hadigate,84
4,Mitsubishi,Space,WAUDF48H47K703842,28,Maynord McCrea,81
42,Jaguar,XJ Series,KNDPB3A26C7134999,49,Brennen Kirkbright,94
4,Mitsubishi,Mirage,19UUA8F70CA601667,100,Kalle Dougherty,76
43,Mazda,Familia,SAJWA4GB7EL156260,17,Corabella Kimberley,21
73,Pontiac,Grand Am,5TDDCRFH0FS055936,53,Rosemarie Locket,51
86,Chevrolet,Suburban 2500,WAUFFAFL7DN010904,80,Westleigh Pettman,70
5,Chevrolet,Silverado 1500,WAUDF78E08A270423,65,Daisie Kira,30
1,Porsche,Cayman,WVGEF9BP7ED586615,66,Sadye Jimmison,66
55,Chevrolet,Express 1500,3N1BC1AP5BL042254,65,Willard Ferrarello,32
34,BMW,Z4 M,1N4AL2AP6AN003711,1,Mellisent Castellanos,58
78,Lincoln,Mark VIII,WBAPK5C57AA515910,93,Francyne Tillard,27
98,Toyota,Prius,5GALRCED8AJ672966,65,Aldin Wheeler,82
70,Ford,Aerostar,2G4WE587581497519,42,Yance Cuningham,62
100,Mazda,Mazda6,WAUBF48H67K778310,71,Vachel Hansberry,96
76,GMC,Sierra,1GD11XEG2FF019862,42,Gian Baumford,4
91,Buick,Enclave,WUAPV54B23N479833,60,Norrie Cherrington,57
25,Honda,S2000,KMHTC6AD3EU963639,15,Gabriel Elegood,2
63,Volkswagen,Routan,2C4RDGCG3CR370737,19,Leroi Darwen,22
80,Audi,S4,19XFB2E56CE318933,28,Franzen Varvara,5
84,Ferrari,F430,WAUED54B41N375667,95,Rory Janu,34
92,Oldsmobile,Alero,4A37L2EF0AE602185,97,Zach Plampeyn,75
53,Suzuki,XL-7,YV1982BW9A1173860,32,Adler Canwell,61
81,Suzuki,Swift,WA1BY94L98D167837,95,Reiko Tattersdill,54
52,Toyota,Tacoma Xtra,JN1AZ4EH0DM363500,18,Venita Cutforth,55
38,Nissan,Sentra,JH4KC1F59EC012998,48,Dwayne Gurys,38
93,Pontiac,Grand Prix,2G4WB55K411058982,71,Oates Walbrun,99
49,GMC,Yukon XL 2500,1D4PU2GK9AW961686,88,Eleanora Langham,45
94,Volkswagen,Eos,5GAKVDKD9DJ601474,5,Brynna Latey,7
22,Toyota,Corolla,KNADH5A36A6030423,44,Rabbi Louis,41
44,Ford,F-Series,WAUFFAFC1DN606316,94,Merrile Dumelow,2
27,Chevrolet,Avalanche,WAUGFAFR6BA656609,94,Egor Orwin,58
37,Mercedes-Benz,R-Class,3FAHP0DC5AR340626,76,Bunni Pantlin,22
31,Volkswagen,Beetle,1G6AH5R33D0549689,88,Chickie Winsley,93
17,Chrysler,Pacifica,WAUEH78E36A005703,41,Freddy Chasle,94
20,Suzuki,Swift,1FTEX1CW4AK500897,78,Cesya Blodg,97
63,GMC,Envoy,WBAVD53578A626212,80,Janene Heale,92
81,Pontiac,Vibe,1VWAH7A39CC195613,4,Dal Dislee,13
50,Volvo,V50,WAULFAFH0CN372666,38,Ferdie Gaunson,1
37,Mitsubishi,Truck,JTHFF2C28E2569769,30,Alphonso Drynan,11
21,Mazda,MX-5,3C3CFFHH4DT621215,48,Beverlie Ditter,86
64,Cadillac,Fleetwood,JTHBL5EF0E5262247,62,Stephannie Leeds,16
3,Spyker,C8 Laviolette,KM8NU4CC9AU268381,98,Othilie Vanyarkin,49
37,Nissan,300ZX,1FTEX1CMXCF027873,52,Luce Spatig,55
59,Mitsubishi,RVR,WAUKF78E25A631802,100,Roselin Bouzan,13
100,Subaru,Impreza,YV1982BW7A1910571,75,Randolf Bisgrove,12
91,Ford,E-Series,WAUNF98PX8A363404,12,Junina Axell,13
7,Nissan,Maxima,5XYZG3AB8BG875716,73,Farrand Prosh,92
60,Ford,Taurus,1G6DM5E30D0844019,36,Gilberto Deerness,26
83,GMC,Yukon,WBAEW53424P363524,66,Mark O'Flaherty,82
11,Chrysler,300,5J6TF3H57FL865997,95,Torre Pimlock,21
86,Mercury,Cougar,5J8TB3H39FL458989,82,Sula Streat,27
36,Pontiac,Grand Prix,JTEBU4BF5DK056298,13,Maurice Waby,44
46,Subaru,Tribeca,5UXZV4C52DL289327,12,Olympie Giraudeau,31
68,Toyota,Venza,1D7RV1CP5AS981980,54,Barney Pottell,96
47,Chevrolet,Astro,1FT7W2A62EE603261,64,Mavra Gunston,32
25,Mercury,Grand Marquis,WAUDF98E28A876494,21,Vern Menghi,62
44,Isuzu,Ascender,JN8AS5MT3BW767216,87,Brade Mancell,69
37,Lamborghini,Diablo,JN1CV6AP4CM005960,56,Carolee Tuohy,98
13,BMW,Z8,5N1AR2MM7DC828579,13,Clarence Kerwood,13
95,Mitsubishi,Montero,WVGAV7AXXBW044495,61,Zola Nunan,18
55,Nissan,Titan,1N4AA5AP8DC617795,87,Avery Arnley,50
41,Dodge,Ram,5UMDU93597L860517,95,Yard Rickeard,70
73,Ford,Ranger,1GD322CG3EF884818,92,Caprice Slisby,33
15,Mercury,Tracer,3FAHP0DCXBR655052,90,Kore Osan,74
97,Volkswagen,Cabriolet,WP0AA2A94ES253506,49,Gerta Sallis,11
29,GMC,Sierra 1500,KNADM5A35F6802929,96,Ellary Coveny,47
92,Morgan,Aero 8,1G6AB5S37D0613891,33,Marnie Norridge,45
64,Isuzu,i-290,WDDLJ6FB0FA685261,27,Leelah McNulty,10
88,Chrysler,Sebring,WAUEF78E08A876311,1,Constance Smitherham,32
38,Nissan,Versa,1D7RE3GK7AS372917,65,Gaynor Sket,28
6,Oldsmobile,Cutlass Supreme,3D7TT2CT0BG478297,67,Georgine Passie,95
26,GMC,Sierra 3500,2T1BURHEXEC492468,1,Arman Bythway,29
15,Toyota,Camry Hybrid,3GYFNFE38CS682912,45,Cosmo Balbeck,1
95,Volkswagen,Jetta,2FMDK3GC1AB977167,93,Rod Walsh,88
58,Saturn,VUE,3C4PDDDGXFT648183,7,Fabe Phorsby,75
100,GMC,Envoy,1G6DK8EY4B0785279,65,Gavrielle Jellett,20
72,Mazda,RX-8,3N1CN7AP2EL890579,17,Ajay Stanaway,22
54,Audi,Q7,WAULT58E14A857703,5,Em Opy,63
60,Acura,NSX,1G6YV34A745409844,47,Dareen Elphick,24
55,Mazda,626,5N1CR2MM3EC059508,96,Ricard Wayman,28
49,Mazda,B-Series Plus,WBAWB33569P472847,13,Stillmann Danovich,61
84,Pontiac,GTO,WBAVB73597F636842,47,Garnet Haws,21
29,Ford,F-Series,WBXPA73464W594831,16,Harley Tregust,59
83,Cadillac,Escalade EXT,WBXPA734X4W251584,14,Rena Rosoman,3
75,Pontiac,Firebird,19VDE3F78DE276022,24,Stace Izkovitch,82
41,Ford,Taurus,WAUKFAFL2EN924073,8,Julietta Dungey,92
61,Volkswagen,Rabbit,KMHFC4DD3AA288013,25,Starlene Worral,80
40,Toyota,RAV4,WAUZL64BX1N001011,17,Wallis Janse,19
85,Land Rover,Discovery,1G6KD57Y84U589337,77,Larine Tutchings,42
17,Volkswagen,Touareg 2,WAU3GAFR1EA704002,66,Efrem Eivers,65
85,Smart,Fortwo,WBA3K5C58EK223035,45,Kit Strettell,100
7,Lincoln,Town Car,4JGBF2FB6AA135745,91,Shayna Stiebler,8
15,Chevrolet,Camaro,WVWAP7AN1DE866284,97,Jeannette Furlonge,99
93,Nissan,Murano,2C3CDXFGXEH432696,14,Dena Merredy,14
100,Mercedes-Benz,S-Class,1N4AL2AP0AN468405,27,Roosevelt Cockarill,89
80,Nissan,Frontier,SCFEBBDL0EG317566,74,Dolf Pinkett,19
83,GMC,Yukon XL 1500,WBXPC93459W603161,16,Vladimir Andrassy,19
47,CitroÃ«n,CX,5XYKT3A11CG415786,81,Billie Matevosian,75
100,Oldsmobile,Silhouette,1N4AL3AP5EC300539,60,Adham Carlisi,89
9,Pontiac,Trans Sport,19XFB2F57FE021821,96,Alyda Heisler,35
42,Audi,S8,1GYEE637760173424,35,Marion Millett,32
17,Mercedes-Benz,CLS-Class,5TDDK3DC9FS564124,24,Jenna Rankling,49
90,Audi,S4,1GYS4KEF0BR714077,12,Crysta Armin,83
41,Dodge,Ram 1500,19XFB2E53EE300456,74,Octavius Mogg,75
55,Nissan,Sentra,1G4HP52KX54628640,67,Ramsey Jeavon,59
60,Dodge,Ram 1500 Club,JM1NC2LF8C0781427,12,Dickie Miko,22
55,Chevrolet,Express 2500,WAUET48H26K892485,64,Eadith Thorneloe,14
65,Volkswagen,Cabriolet,19XFA1E33AE819173,5,Rosalinda Casellas,71
10,Buick,Regal,1GYS4DEFXDR112222,67,Josephine Gelardi,66
80,Ford,E-Series,WP0AA2A98ES777032,56,Sunshine Angove,81
53,Ford,Bronco II,WAUVC68E84A197531,12,Huey Vinton,100
25,Infiniti,FX,SCBLE47K38C055682,71,Moselle Haddleton,33
46,Land Rover,Discovery,19UUA65616A178230,4,Conny Ibbeson,23
29,Kia,Sephia,3D7LP2ET9AG958757,8,Marcia Hatliff,86
29,Mercury,Villager,1G6DU57V690764357,61,Darby Shewring,7
19,GMC,Sierra 2500,2HNYD18235H543326,15,Paquito Loffill,1
28,BMW,7 Series,WAUKH98E88A412062,30,Alasteir Trye,31
71,Honda,Pilot,1C3CDFAA8DD741432,88,Casi Zappel,6
89,Ford,ZX2,WA1KK98R19A322688,91,Linn Rowet,98
89,Mazda,RX-8,WBAKE5C52CE550576,13,Cami Benitti,86
10,Jaguar,S-Type,5NMSG3AB6AH354449,36,Quentin Trewhella,43
9,Volkswagen,Cabriolet,19UUA8F21CA749184,47,Natalee Sallinger,36
79,Oldsmobile,Silhouette,SAJWA6BU5F8167346,58,Raf Crankshaw,89
7,Ford,Aerostar,4T1BD1FK4FU248258,54,Simeon Fawloe,19
99,Chevrolet,Silverado 3500,JHMZE2H35DS299626,20,Berti Pantin,78
58,Toyota,Celica,1N4AL3AP8EC727004,41,Karia Schofield,69
12,Mitsubishi,Montero,WBAKB0C56BC864396,3,Abbie Veevers,18
34,Volkswagen,Passat,3D7JB1EK0BG721230,46,Bessie Pauluzzi,39
60,Volkswagen,Jetta,2FMGK5B87EB809874,26,Peyter Maddams,95
43,Ford,Laser,WVWED7AJ4AW048299,74,Marleah Oven,19
48,GMC,Savana 1500,WVGEF9BP4FD176159,4,Bronny Hurle,58
51,Pontiac,Tempest,4A37L2EF1AE776170,60,Wenonah Nassi,61
94,Mazda,MX-6,WBA3K5C54EF337641,78,Ross Fasse,62
51,Saturn,Ion,WAUDK78T08A504523,57,Pammie Franzel,88
59,Chevrolet,Malibu,WBANN73566B379460,12,Wilton Coolican,10
6,Volkswagen,Touareg 2,1N6AF0LY0FN625317,22,Christie Dunne,30
37,Ford,Taurus,5TDDK3DC0ES503646,23,Binnie Capoun,43
28,Saab,9-7X,1C3CCBBB3DN870465,55,Grissel Monaghan,41
50,Mazda,Mazdaspeed 3,2HNYD18976H552187,37,Worden Healy,82
69,Chevrolet,HHR Panel,WAUDG74F19N379169,2,Chrisy Dandison,95
90,Volkswagen,Eos,WAUDF68EX5A989975,10,Sly Grabert,4
59,Ford,Expedition,1C4RDJDG0FC435973,59,Eugenius Tapner,57
56,Mitsubishi,3000GT,SAJWA4EC2CM113187,47,Livy MacPhaden,48
6,Buick,Skylark,1C4RDJEG4DC470012,34,Valina Benez,2
26,Hyundai,Accent,JN8AZ2KR2CT760200,7,Patrizio Hackinge,85
90,Chevrolet,Suburban 2500,WBAEA53518C477616,94,Isis Barnwell,76
43,Audi,RS 6,3N1AB7AP5FY382529,34,Nessy Cassius,33
87,Ford,Explorer Sport Trac,5N1AN0NU4BC324471,82,Lainey Mixer,89
45,Kia,Sportage,WAUAF48H99K118986,3,Florenza Gentner,13
40,Acura,Integra,1GYS3CEF2BR759353,8,Rutledge Rotherham,5
48,Mazda,MX-6,KMHFC4DD3BA995341,34,Beck Dayley,86
82,Cadillac,Fleetwood,5N1AA0NE6FN501679,37,Fremont Mourbey,14
88,Buick,Park Avenue,JN1AV7AP4FM658158,95,Corina Morbey,3
92,Mazda,B-Series,WAUBFAFL7CN288246,83,De witt Ivashechkin,76
8,Chevrolet,Suburban,WVGEF9BP4DD938015,93,Tabbie Bonar,11
77,Infiniti,Q,JTHBW1GGXD2214017,64,Carmina Mc Harg,26
6,Toyota,Sienna,KNAFU6A29B5251913,55,Culley Jost,36
88,Dodge,Ram 2500 Club,1GYS3GEF8CR814316,100,Annecorinne Sissland,92
94,Mercury,Grand Marquis,JM3TB2BA7C0601166,54,Carolina Shrubb,25
31,Dodge,Grand Caravan,1G6AB1RX7F0424680,82,Berti Emanueli,78
77,Dodge,Grand Caravan,1LNHL9DR0BG403490,37,Nissie Wyldes,100
77,Mercedes-Benz,C-Class,WBAGL83584D879965,56,Enrica Acheson,19
11,Audi,A8,WBA3C1G50EN129259,11,Brent Price,84
76,Chevrolet,Impala,WAUHFAFL9AN356859,89,Lorie Ridley,30
19,Porsche,911,WAUGL98E87A079493,60,Joceline Mosen,46
49,BMW,M6,SCBLC47J88C500933,92,Lexie Walworth,12
62,Lexus,ES,1N4AB7AP4EN288933,59,Kathrine Gonnel,64
92,Toyota,Avalon,JN1AJ0HP6AM091100,99,Marlo Haggie,65
3,Isuzu,Space,WAUGF78K29A827448,33,Myer Dunnaway,10
15,Volkswagen,New Beetle,1G6AJ5S3XE0337520,13,Ben Boothman,55
35,Buick,Roadmaster,1G6DG8EG7A0464957,8,Allistir Sommerled,69
99,Mazda,B-Series Plus,TRUUT28NX41116753,56,Gunilla Heino,48
19,Subaru,Impreza,JN8AF5MV6FT056042,91,Cecelia Heindle,98
84,Chevrolet,Camaro,WAUFFAFL0FA049991,36,Gail Thomke,82
48,Infiniti,I,JTHDU1EF3D5102747,11,Clywd Dicken,25
87,Aston Martin,Vantage,2G4WB52K611930907,88,Mariya Bouzek,40
31,Kia,Soul,JTHBE5C27B5796500,30,Fannie Piecha,64
48,Mercedes-Benz,SLK-Class,WAUEF48H78K954196,98,Crystal Jolin,92
90,Volvo,V90,WBALX3C52CC716044,33,Fraze Tunsley,44
26,Toyota,Sienna,KNDJT2A55C7131051,58,Roxanna Hedan,66
57,Chevrolet,Venture,WAUKGBFBXAN616637,93,Thaddeus Sushams,8
88,Saab,9-2X,2G4WD552571147527,96,Dore Drabble,12
63,Pontiac,Grand Prix,WBA6B8C52FD652708,82,Minna Clemencon,8
43,Ford,Taurus,SCFEBBCF1CG723512,72,Welbie Bielfeld,81
73,GMC,Sonoma,WAUBH74F26N572995,90,Catherina Cardwell,76
52,GMC,1500 Club Coupe,19UUA568X2A527096,24,Vita Yitzovitz,60
86,Chevrolet,Monte Carlo,KNAFK4A60F5776894,100,Mimi Bloodworthe,41
64,Dodge,Neon,1G4GE5EV4AF346841,74,Brien Agneau,36
94,Mercury,Sable,2G61T5S32F9124613,41,Ilse Dowse,15
24,Chevrolet,Camaro,WAUBFAFL6FN796065,65,Web Girkin,23
42,Chevrolet,Astro,WAUBGAFC4CN915739,40,Anabelle Orae,10
97,Buick,Park Avenue,WAUDF98E75A961634,82,Mame Morrill,79
40,Volvo,XC60,1GKKRNED8CJ690607,34,Raymund Leasor,83
41,Land Rover,Discovery,1FMEU5BE9AU728600,80,Mickie Baldick,37
41,Dodge,Ram Van 3500,1GTG5AE37F1507232,9,Lionello Gavahan,4
67,Mitsubishi,Expo,19XFB4F20DE389322,56,Obadiah Pudney,82
58,Shelby,GT350,1GD12ZCG5CF245885,55,Jimmy Vasilenko,45
19,Volkswagen,Jetta,2FMHK6CTXAB556783,43,Zena Peris,62
47,Mitsubishi,Mirage,1N6AA0CA7DN424805,100,Inesita Burkill,15
34,Volvo,C30,1GYS4DEFXBR961764,17,Westbrook Waszczykowski,78
21,Mercedes-Benz,300E,KNDPB3A20D7637378,18,Nina Duggleby,25
54,BMW,Z8,2G4GP5EX9F9798182,46,Luther Nealand,75
79,Lincoln,Continental,1N6AF0KY1FN625683,44,Chanda Hamnett,37
15,Isuzu,Hombre,19XFA1F37AE178561,84,Egor Macconachy,63
27,Volvo,C70,5NPDH4AE2BH729361,5,Myrwyn Robuchon,22
82,Mercury,Tracer,5GADV33187D111182,36,Clive Androlli,18
96,Mercury,Capri,W04GY5GV0B1092840,61,Benito Winsor,30
3,BMW,Z4 M,JN8AZ1MU8CW057839,28,Melloney McArt,3
21,GMC,Sierra 3500,WDDGF4HB4DA886436,62,Tabbi Klewi,43
84,Ford,Fusion,SCBBP9ZA2DC857738,38,Ludovika Tothe,59
79,MINI,MINI,SAJWA1CB3BL329014,81,Jamima Stoaks,22
32,Pontiac,Fiero,2HKRM3H39FH972879,59,Kennedy O'Kinedy,90
4,Chevrolet,Caprice,WAUJC68E85A863691,30,Meris Annice,44
51,Toyota,Solara,JTHBB1BA7C2378810,30,Mateo Roger,46
39,Mercedes-Benz,G-Class,JH4KA96502C746056,20,Joly Davidavidovics,39
17,Audi,A4,WDDLJ7DB7DA416910,97,Myrle Rosevear,1
81,Chevrolet,Monte Carlo,1FTEW1CFXFK844017,38,Forbes Norheny,78
70,Audi,A6,5TDBY5G11ES454100,67,Cherin Tassel,12
58,Ford,F-Series,WVWBN7AN4FE208407,80,Tierney Follos,6
28,Subaru,SVX,JN8AZ2KR2BT390963,42,Anselm Been,95
47,Ford,Econoline E250,WBAVC73577K728598,66,Devland Gladdolph,28
48,Buick,LeSabre,WAU4FAFL3AA765168,1,Gerald Parmeter,97
34,Mercedes-Benz,400E,1N4AB7AP8EN462681,20,Carlyn Beausang,35
100,Kia,Sedona,JTHBL5EF2A5065607,9,Domeniga Lyddy,91
97,Cadillac,Seville,1G6AH5SX1D0566679,28,Kesley Broxton,57
75,Honda,Accord,WA1WGAFP5DA143701,93,Trueman Longcake,36
62,Saab,900,3N1CN7AP4FL667655,19,Thaine Blezard,32
91,Buick,LeSabre,WAUUL78E87A536732,61,Carrie Bartosek,62
80,Acura,ZDX,1G6KD57Y65U505100,67,Roderic Wintle,45
88,Mercedes-Benz,CL-Class,1C4SDHCT6CC876334,1,Ellene Olin,58
23,GMC,Sierra 1500,19UUA65695A838013,18,Gelya Burnsall,63
81,GMC,Savana 3500,5J6TF1H53DL109309,17,Lennard Purvis,67
68,Pontiac,Firebird,JN8AS5MT3AW805445,77,Ericka Greenrod,82
53,Isuzu,Rodeo Sport,1D7RW2BKXBS280443,29,Zaccaria Padberry,72
73,Saturn,S-Series,WA1BY94L37D844993,50,Lillis Dullard,57
66,Chevrolet,Express 2500,5GADT13S462294853,62,Susann McGeown,56
5,Mazda,Protege,WBADR63471G755547,11,Rafael Willman,49
16,Saturn,L-Series,5GADX33L76D903060,64,Tabitha Burle,69
96,Honda,CR-V,WAUAVAFD1BN821584,2,Ryann Nansom,84
64,Pontiac,Sunbird,TRUUT28N261627750,4,Everett Restill,11
72,GMC,Canyon,KMHHU6KJ4FU591480,61,Morgen Sharland,38
75,Hyundai,Sonata,5UXXW3C55F0318693,34,Aluino Loxly,22
10,Bentley,Arnage,JTDKTUD31ED458092,94,Casandra Feavearyear,6
64,Pontiac,Firefly,JTJHY7AX3E4227244,47,Giacinta Fildery,38
17,Ford,Edge,2G4GP5EX7F9245661,36,Daisey Theurer,58
28,Isuzu,Rodeo,2B3CM5CT5BH996190,7,Zarla Belsey,29
4,Infiniti,I,1FT7W2A67EE603966,52,Pennie Lidierth,87
2,Ford,Mustang,5NPDH4AE9FH513254,54,Meggi Benda,89
80,Cadillac,XLR,WBA3A9G55DN256799,34,Noah Degan,55
68,Hyundai,Elantra,JTEBU5JR0E5779428,64,Simeon Ramage,95
57,GMC,Envoy,WP1AA2A23BL228987,8,Britt Rosettini,78
60,Jaguar,XJ Series,JM1NC2JF1F0975871,68,Theresita Fold,42
58,Chrysler,New Yorker,JTDKDTB35C1710564,49,Thain Stefanovic,89
11,Saturn,L-Series,WAUBGBFC7CN386910,16,Elsy Dobrowolski,70
95,Audi,S8,1G6YV36A465490091,93,Jessy Keeble,62
79,Chevrolet,Corvette,SCBGR3ZA0DC441670,56,Rozalie Splevin,75
69,Suzuki,Sidekick,5FRYD4H48GB969920,51,Henrieta Hardan,83
84,Land Rover,Range Rover,WBA3V7C57EP418274,34,Renault Vaszoly,5
70,GMC,Savana 1500,WAUVT54B54N638336,71,Dannie Ronaghan,58
89,Infiniti,M,WBAWV135X9P396030,66,Welch McLaggan,15
52,Audi,S8,3VWML7AJ0DM487144,62,Uri Byrde,2
